{
    "threshold_optimized": 0.35,
    "best_hyperparameters": {
        "learning_rate": 0.05,
        "max_depth": 10,
        "n_estimators": 200,
        "num_leaves": 31
    },
    "final_metrics": {
        "roc_auc": 0.7440145328025243,
        "precision": 0.3435114503816794,
        "recall": 0.09063444108761329,
        "f1_score": 0.14342629482071714
    },
    "business_impact": {
        "pct_increase": 4.239328080353277,
        "additional_approvals": 12239,
        "default_rate": 7.5008721944412144
    },
    "targets_achieved": {
        "roc_auc_target": false,
        "increment_target": false
    }
}